"(63.588753, -154.4930619)"
"(63.588753, -154.4930619)"
"(32.3182314, -86.902298)"
"(32.3182314, -86.902298)"
"(31.2572877, -87.7128686)"
"(32.3182314, -86.902298)"
"(32.3182314, -86.902298)"
"(35.20105, -91.8318334)"
"(34.7841673, -112.4514277)"
"(40.8665166, -124.0828396)"
"(36.778261, -119.4179324)"
"(36.7739067, -119.8901977)"
""
"(36.778261, -119.4179324)"
"(35.2206515, -118.8239317)"
"(38.3842914, -121.390908)"
"(38.0215061, -120.398985)"
"(36.988342, -121.5494688)"
"(36.778261, -119.4179324)"
"(36.5900189, -119.4490225)"
"(36.778261, -119.4179324)"
"(36.778261, -119.4179324)"
"(36.778261, -119.4179324)"
"(38.3954919, -121.5397629)"
"(37.5398268, -107.777521)"
"(39.0944814, -108.3466863)"
"(39.5500507, -105.7820674)"
"(39.5500507, -105.7820674)"
"(37.2716105, -107.8925315)"
"(39.5500507, -105.7820674)"
"(37.2135695, -107.8555423)"
"(39.5500507, -105.7820674)"
"(39.5500507, -105.7820674)"
""
"(37.753255, -106.1080643)"
"(38.9108325, -75.52766989999999)"
"(38.700591, -75.506604)"
"(38.9108325, -75.52766989999999)"
"(38.9108325, -75.52766989999999)"
"(34.1837594, -118.5797975)"
"(32.1574351, -82.90712300000001)"
"(31.779991, -82.3556751)"
"(19.728082, -155.092516)"
"(22.2214996, -159.4815487)"
"(19.8986819, -155.6658568)"
"(41.8780025, -93.097702)"
"(41.8780025, -93.097702)"
"(41.8780025, -93.097702)"
"(40.9158649, -91.5032398)"
"(41.59982249999999, -93.7850971)"
"(34.4158664, -118.4542084)"
"(41.8780025, -93.097702)"
"(41.8780025, -93.097702)"
"(40.689536, -91.7264708)"
"(42.5166512, -94.11044489999999)"
"(41.8780025, -93.097702)"
"(41.8780025, -93.097702)"
""
"(41.8780025, -93.097702)"
"(41.8780025, -93.097702)"
"(41.8780025, -93.097702)"
"(41.8780025, -93.097702)"
"(41.8780025, -93.097702)"
"(41.8780025, -93.097702)"
"(41.8780025, -93.097702)"
"(41.8780025, -93.097702)"
"(42.4341206, -91.00483919999999)"
"(41.8780025, -93.097702)"
"(44.0682019, -114.7420408)"
"(43.7445072, -111.098662)"
"(44.0682019, -114.7420408)"
"(44.0682019, -114.7420408)"
"(44.0682019, -114.7420408)"
""
"(41.3115668, -89.42098519999999)"
"(40.6331249, -89.3985283)"
"(40.8384276, -89.8817373)"
"(40.6331249, -89.3985283)"
"(40.6331249, -89.3985283)"
"(40.6331249, -89.3985283)"
"(40.6331249, -89.3985283)"
"(38.9887229, -88.95678199999999)"
"(40.4594108, -90.6264126)"
"(40.6331249, -89.3985283)"
"(40.6331249, -89.3985283)"
"(40.6331249, -89.3985283)"
"(38.0768381, -88.178127)"
"(40.6331249, -89.3985283)"
"(40.6331249, -89.3985283)"
"(40.945336, -90.3648448)"
""
"(40.6331249, -89.3985283)"
"(40.6331249, -89.3985283)"
"(40.6331249, -89.3985283)"
"(40.6331249, -89.3985283)"
"(40.5512165, -85.60236429999999)"
"(40.5512165, -85.60236429999999)"
"(40.5512165, -85.60236429999999)"
"(40.5512165, -85.60236429999999)"
"(40.5512165, -85.60236429999999)"
"(40.5512165, -85.60236429999999)"
"(40.5512165, -85.60236429999999)"
"(39.76909, -86.158018)"
"(40.5512165, -85.60236429999999)"
"(38.1983669, -87.56467959999999)"
"(40.5512165, -85.60236429999999)"
"(39.76909, -86.158018)"
"(40.5512165, -85.60236429999999)"
"(39.3598799, -85.9635316)"
"(39.76909, -86.158018)"
"(41.518722, -85.8297269)"
"(39.76909, -86.158018)"
"(40.5512165, -85.60236429999999)"
"(41.20679, -84.968943)"
"(38.6022584, -86.4016257)"
"(40.5512165, -85.60236429999999)"
"(39.011902, -98.4842465)"
"(39.011902, -98.4842465)"
"(39.011902, -98.4842465)"
"(39.011902, -98.4842465)"
"(37.6359783, -95.4441497)"
"(37.6819011, -95.44980509999999)"
"(39.011902, -98.4842465)"
"(39.011902, -98.4842465)"
"(38.8389478, -97.6071322)"
"(39.6961537, -97.0465272)"
"(39.011902, -98.4842465)"
"(38.0239001, -97.66976749999999)"
"(37.8507167, -94.6241476)"
"(39.011902, -98.4842465)"
"(37.4300436, -94.7039181)"
"(39.011902, -98.4842465)"
"(38.9637841, -95.2139041)"
"(39.011902, -98.4842465)"
"(39.011902, -98.4842465)"
"(39.011902, -98.4842465)"
"(39.011902, -98.4842465)"
"(39.011902, -98.4842465)"
"(37.989964, -100.887227)"
"(38.4019624, -82.71324039999999)"
"(37.8393332, -84.2700179)"
"(37.8393332, -84.2700179)"
"(37.8393332, -84.2700179)"
"(37.8393332, -84.2700179)"
"(37.8393332, -84.2700179)"
"(37.8393332, -84.2700179)"
"(37.8393332, -84.2700179)"
"(37.8393332, -84.2700179)"
"(37.8393332, -84.2700179)"
"(37.7537223, -85.8972666)"
"(37.8393332, -84.2700179)"
"(37.6349822, -85.4781638)"
"(37.8393332, -84.2700179)"
"(37.8393332, -84.2700179)"
"(36.7022797, -85.6916396)"
"(37.8393332, -84.2700179)"
"(37.8393332, -84.2700179)"
"(36.7413746, -84.1855012)"
"(38.3692096, -85.0938754)"
"(37.8393332, -84.2700179)"
"(37.7712145, -84.9871677)"
"(37.8393332, -84.2700179)"
"(37.8393332, -84.2700179)"
"(37.0314354, -85.0720838)"
"(37.8393332, -84.2700179)"
""
"(37.1237006, -83.746308)"
""
"(37.6403212, -87.6441782)"
"(14.732097, 121.0355694)"
"(37.7575028, -86.220356)"
"(37.1681647, -84.4750402)"
"(37.8393332, -84.2700179)"
"(37.950916, -83.62574520000001)"
"(37.7525922, -83.0687816)"
"(30.5190775, -91.5208624)"
"(30.5190775, -91.5208624)"
"(30.4943669, -92.4176324)"
""
"(30.5190775, -91.5208624)"
"(30.5190775, -91.5208624)"
"(39.373855, -75.7826366)"
"(39.0457549, -76.64127119999999)"
"(39.0457549, -76.64127119999999)"
"(39.0457549, -76.64127119999999)"
"(39.6197501, -76.4751814)"
"(39.0457549, -76.64127119999999)"
"(42.6534763, -84.0268562)"
"(43.3136089, -82.9818667)"
"(44.3148443, -85.60236429999999)"
"(42.8263126, -86.1653604)"
"(43.6037692, -84.7985281)"
"(44.3148443, -85.60236429999999)"
"(44.3148443, -85.60236429999999)"
"(36.8412411, -94.6108415)"
"(37.9642529, -91.8318334)"
"(39.4117889, -92.8349075)"
""
"(37.9642529, -91.8318334)"
""
"(37.9642529, -91.8318334)"
"(37.9642529, -91.8318334)"
"(37.9642529, -91.8318334)"
"(37.9642529, -91.8318334)"
"(37.9642529, -91.8318334)"
"(37.3825292, -89.6687207)"
"(37.9642529, -91.8318334)"
"(36.64894930000001, -94.4456826)"
"(37.9642529, -91.8318334)"
"(39.1158866, -92.68685909999999)"
"(37.9642529, -91.8318334)"
"(37.9642529, -91.8318334)"
""
"(37.9642529, -91.8318334)"
"(37.9642529, -91.8318334)"
"(37.8665412, -90.5244262)"
"(37.34010050000001, -89.5887178)"
"(38.4701805, -91.8332672)"
"(38.5833353, -92.3112829)"
"(37.9642529, -91.8318334)"
"(37.9642529, -91.8318334)"
"(37.9642529, -91.8318334)"
"(36.6638487, -93.88530399999999)"
"(37.9642529, -91.8318334)"
"(37.9642529, -91.8318334)"
"(37.9642529, -91.8318334)"
"(37.9642529, -91.8318334)"
"(39.744731, -94.50299299999999)"
"(39.4180121, -94.89262869999999)"
"(39.7952946, -93.5524358)"
""
"(37.9642529, -91.8318334)"
"(37.9642529, -91.8318334)"
"(37.9642529, -91.8318334)"
"(37.9642529, -91.8318334)"
"(38.41940659999999, -90.96460069999999)"
"(37.9642529, -91.8318334)"
"(37.9642529, -91.8318334)"
"(37.9642529, -91.8318334)"
"(37.9642529, -91.8318334)"
"(37.9642529, -91.8318334)"
"(37.9642529, -91.8318334)"
"(37.9642529, -91.8318334)"
""
"(37.9642529, -91.8318334)"
"(37.1753474, -92.596308)"
"(36.7624692, -90.4173106)"
"(37.9642529, -91.8318334)"
"(38.9133249, -92.29111999999999)"
"(37.9642529, -91.8318334)"
"(38.1338272, -90.4725036)"
""
"(39.3198158, -91.8888504)"
"(40.0691363, -95.2264495)"
"(37.9642529, -91.8318334)"
"(37.9642529, -91.8318334)"
"(38.7748433, -92.2582504)"
"(37.9642529, -91.8318334)"
"(37.9642529, -91.8318334)"
"(37.9642529, -91.8318334)"
"(37.9642529, -91.8318334)"
"(37.9642529, -91.8318334)"
"(37.9642529, -91.8318334)"
"(38.489255, -92.268489)"
"(37.9642529, -91.8318334)"
"(32.3546679, -89.3985283)"
"(33.4042167, -90.8660049)"
"(31.326809, -89.2902508)"
"(32.3546679, -89.3985283)"
"(46.8796822, -110.3625658)"
"(46.8796822, -110.3625658)"
"(46.8796822, -110.3625658)"
"(35.7595731, -79.01929969999999)"
"(35.7595731, -79.01929969999999)"
"(35.7595731, -79.01929969999999)"
"(35.7595731, -79.01929969999999)"
"(35.7595731, -79.01929969999999)"
"(35.7595731, -79.01929969999999)"
"(47.5514926, -101.0020119)"
"(47.5514926, -101.0020119)"
"(47.5514926, -101.0020119)"
"(47.5514926, -101.0020119)"
"(47.5514926, -101.0020119)"
"(47.5514926, -101.0020119)"
"(44.08438210000001, -72.00971059999999)"
"(43.1938516, -71.5723953)"
""
"(42.9382178, -70.8387453)"
"(43.1938516, -71.5723953)"
"(43.97330729999999, -71.1295371)"
"(43.1884722, -70.9066576)"
"(43.1938516, -71.5723953)"
"(43.1938516, -71.5723953)"
"(43.3083842, -71.8324185)"
"(43.1938516, -71.5723953)"
"(43.1938516, -71.5723953)"
"(43.1938516, -71.5723953)"
"(34.9727305, -105.0323635)"
"(40.7127753, -74.0059728)"
"(40.7127753, -74.0059728)"
"(40.7127753, -74.0059728)"
"(40.7127753, -74.0059728)"
"(40.7127753, -74.0059728)"
"(40.7127753, -74.0059728)"
"(40.7127753, -74.0059728)"
"(40.7127753, -74.0059728)"
"(40.7127753, -74.0059728)"
"(40.7127753, -74.0059728)"
"(40.7127753, -74.0059728)"
"(40.7127753, -74.0059728)"
"(40.7127753, -74.0059728)"
"(40.7127753, -74.0059728)"
"(40.7127753, -74.0059728)"
"(40.7127753, -74.0059728)"
"(40.7796793, -73.9495385)"
"(40.7127753, -74.0059728)"
"(40.7127753, -74.0059728)"
"(40.7127753, -74.0059728)"
"(40.7127753, -74.0059728)"
"(40.7127753, -74.0059728)"
"(40.7127753, -74.0059728)"
"(40.7127753, -74.0059728)"
"(40.7127753, -74.0059728)"
"(40.7127753, -74.0059728)"
"(40.234497, -84.39266959999999)"
"(40.4172871, -82.90712300000001)"
"(51.49940549999999, -0.1632344)"
"(40.4172871, -82.90712300000001)"
"(40.4172871, -82.90712300000001)"
"(40.4172871, -82.90712300000001)"
"(40.4172871, -82.90712300000001)"
"(40.4172871, -82.90712300000001)"
"(40.4172871, -82.90712300000001)"
"(40.4172871, -82.90712300000001)"
"(39.7590536, -84.0111569)"
"(40.4172871, -82.90712300000001)"
"(40.4172871, -82.90712300000001)"
"(40.3810531, -83.4532059)"
"(40.4172871, -82.90712300000001)"
"(40.528349, -84.604923)"
"(40.4172871, -82.90712300000001)"
"(40.3775713, -82.5088164)"
"(40.366454, -84.59573999999999)"
"(39.5087485, -84.73449149999999)"
"(41.1403126, -81.8621106)"
"(35.0077519, -97.092877)"
"(35.0077519, -97.092877)"
"(35.0077519, -97.092877)"
"(36.0038632, -96.42456969999999)"
"(35.0077519, -97.092877)"
"(36.4192937, -97.8942383)"
"(35.0077519, -97.092877)"
"(35.0077519, -97.092877)"
"(35.0077519, -97.092877)"
"(35.0077519, -97.092877)"
"(35.0077519, -97.092877)"
"(36.7049689, -94.9328108)"
"(36.2884902, -98.4823303)"
"(35.0077519, -97.092877)"
"(35.0077519, -97.092877)"
"(35.8357503, -97.9332723)"
"(35.2448053, -96.670513)"
"(35.0077519, -97.092877)"
"(35.0077519, -97.092877)"
"(34.6218958, -98.4774922)"
"(35.0077519, -97.092877)"
"(35.0077519, -97.092877)"
"(35.8772958, -97.42591019999999)"
""
"(34.016827, -96.1439379)"
"(35.0077519, -97.092877)"
"(35.4315317, -96.299917)"
"(35.0077519, -97.092877)"
"(34.9351105, -97.9574047)"
"(35.3489252, -96.9133667)"
"(35.0077519, -97.092877)"
"(35.0077519, -97.092877)"
"(41.2033216, -77.1945247)"
"(41.2033216, -77.1945247)"
"(41.2033216, -77.1945247)"
"(41.2033216, -77.1945247)"
"(41.6149197, -80.15521989999999)"
"(41.2033216, -77.1945247)"
"(41.2033216, -77.1945247)"
"(40.6364157, -76.2259782)"
"(41.2033216, -77.1945247)"
"(40.8961611, -76.784444)"
"(39.7498081, -77.5805014)"
"(41.2033216, -77.1945247)"
"(41.0196745, -76.8891726)"
"(40.0534222, -76.1941484)"
"(41.2033216, -77.1945247)"
"(40.1692045, -77.7404725)"
"(40.950003, -78.2055255)"
"(41.2033216, -77.1945247)"
"(39.88815659999999, -76.367183)"
"(40.025674, -76.38623299999999)"
"(41.2033216, -77.1945247)"
"(40.0269072, -79.19838519999999)"
"(41.2033216, -77.1945247)"
"(41.2033216, -77.1945247)"
"(40.369347, -77.86933119999999)"
"(41.2033216, -77.1945247)"
"(41.5767552, -75.25878709999999)"
"(41.2033216, -77.1945247)"
"(40.2104648, -76.2289182)"
"(18.220833, -66.590149)"
"(33.836081, -81.1637245)"
"(33.836081, -81.1637245)"
"(33.9255444, -81.49225539999999)"
"(33.836081, -81.1637245)"
"(43.9695148, -99.9018131)"
"(44.9178275, -98.50087239999999)"
"(43.6453163, -96.7113497)"
"(43.9695148, -99.9018131)"
"(35.8895303, -84.6566684)"
"(31.9685988, -99.9018131)"
"(31.9685988, -99.9018131)"
"(31.9685988, -99.9018131)"
"(31.1915437, -101.4603945)"
"(31.9685988, -99.9018131)"
"(32.0954304, -96.46887269999999)"
"(31.9685988, -99.9018131)"
"(32.6550392, -98.0285928)"
"(32.3571357, -97.3899205)"
"(31.9685988, -99.9018131)"
"(33.3518638, -98.8156051)"
"(32.4756618, -100.3993621)"
"(40.7606608, -111.8939487)"
"(38.2698318, -111.4527984)"
"(40.7606608, -111.8939487)"
"(40.7606608, -111.8939487)"
"(38.3423699, -111.5620866)"
"(40.7606608, -111.8939487)"
"(40.299403, -109.9887605)"
"(41.5453457, -112.158282)"
"(40.7606608, -111.8939487)"
"(37.2806322, -109.5721389)"
"(40.7606608, -111.8939487)"
"(37.4315734, -78.6568942)"
"(44.5588028, -72.57784149999999)"
"(44.64779799999999, -72.88886769999999)"
"(44.5588028, -72.57784149999999)"
"(44.5588028, -72.57784149999999)"
"(47.7510741, -120.7401386)"
""
"(46.1961635, -120.0165582)"
"(47.1934032, -122.2977472)"
"(47.7510741, -120.7401386)"
"(47.7510741, -120.7401386)"
"(48.4241961, -121.7114362)"
"(47.7510741, -120.7401386)"
"(47.7510741, -120.7401386)"
"(47.7510741, -120.7401386)"
"(48.5330223, -123.0161482)"
"(46.1765662, -123.4072669)"
"(47.7510741, -120.7401386)"
"(47.7510741, -120.7401386)"
"(48.3731166, -114.1809254)"
"(47.7510741, -120.7401386)"
"(47.7510741, -120.7401386)"
"(49.83135, 8.741908)"
"(47.7510741, -120.7401386)"
"(47.7510741, -120.7401386)"
"(38.4203274, -82.4571539)"
"(39.6480359, -79.9697147)"
"(38.5976262, -80.4549026)"
"(38.5976262, -80.4549026)"
"(38.5976262, -80.4549026)"
"(38.5976262, -80.4549026)"
"(38.6415537, -79.3310209)"
"(43.0759678, -107.2902839)"
"(43.0759678, -107.2902839)"
"(36.778261, -119.4179324)"
"(36.778261, -119.4179324)"
"(37.7644942, -122.4243303)"
"(13.0033234, 76.1003894)"
"(36.778261, -119.4179324)"
"(33.924641, -117.93025)"
"(36.778261, -119.4179324)"
""
"(36.778261, -119.4179324)"
"(36.778261, -119.4179324)"
"(36.778261, -119.4179324)"
"(42.4093331, -83.1997811)"
"(34.4480495, -119.242889)"
""
"(36.778261, -119.4179324)"
"(36.778261, -119.4179324)"
"(36.778261, -119.4179324)"
"(13.0033234, 76.1003894)"
"(37.7933729, -122.2000487)"
"(36.778261, -119.4179324)"
"(36.778261, -119.4179324)"
"(36.778261, -119.4179324)"
"(36.778261, -119.4179324)"
"(36.778261, -119.4179324)"
"(36.778261, -119.4179324)"
"(27.6648274, -81.5157535)"
"(27.6648274, -81.5157535)"
"(41.8780025, -93.097702)"
"(41.8780025, -93.097702)"
"(42.5205866, -90.6556658)"
"(41.8780025, -93.097702)"
"(41.8780025, -93.097702)"
"(41.6285343, -87.9571609)"
"(41.93232, -88.045013)"
""
"(40.6331249, -89.3985283)"
"(39.011902, -98.4842465)"
"(37.767366, -87.11287209999999)"
"(42.3051503, -83.08947479999999)"
"(43.7844397, -88.7878678)"
"(46.729553, -94.6858998)"
"(46.729553, -94.6858998)"
"(30.5148449, -86.50864290000001)"
"(46.729553, -94.6858998)"
"(46.729553, -94.6858998)"
"(45.3295562, -95.00796720000001)"
"(47.2955444, -93.4159162)"
"(46.729553, -94.6858998)"
"(46.729553, -94.6858998)"
""
"(40.4652128, -93.9742473)"
""
"(31.9685988, -99.9018131)"
"(40.2367202, -75.2887999)"
"(45.4439593, -98.1008301)"
"(43.7844397, -88.7878678)"
"(43.7844397, -88.7878678)"
"(32.3182314, -86.902298)"
"(32.3182314, -86.902298)"
"(32.3182314, -86.902298)"
"(32.3182314, -86.902298)"
"(32.3182314, -86.902298)"
"(32.3182314, -86.902298)"
"(41.8143822, -96.134059)"
"(34.5537596, -112.4845983)"
"(34.0489281, -111.0937311)"
"(34.0489281, -111.0937311)"
"(31.4996439, -110.811776)"
"(34.9342872, -119.613846)"
"(36.778261, -119.4179324)"
"(40.8306461, -121.5132947)"
"(36.778261, -119.4179324)"
"(36.778261, -119.4179324)"
"(36.778261, -119.4179324)"
"(36.778261, -119.4179324)"
"(38.9108325, -75.52766989999999)"
"(26.1862859, -80.1960688)"
"(25.5421313, -80.50702690000001)"
"(30.6272694, -83.8317947)"
"(27.6648274, -81.5157535)"
"(28.7463679, -81.62216289999999)"
""
"(28.8608668, -81.5654758)"
"(27.6648274, -81.5157535)"
"(27.6648274, -81.5157535)"
"(30.1614205, -82.0300798)"
"(27.6648274, -81.5157535)"
"(27.6648274, -81.5157535)"
"(27.6648274, -81.5157535)"
"(27.6648274, -81.5157535)"
"(27.6648274, -81.5157535)"
"(32.1574351, -82.90712300000001)"
"(32.1574351, -82.90712300000001)"
"(34.9458638, -83.8465975)"
"(32.4987626, -83.1854793)"
"(32.1574351, -82.90712300000001)"
"(32.1574351, -82.90712300000001)"
""
"(32.0731369, -84.23887959999999)"
"(32.1574351, -82.90712300000001)"
"(32.1574351, -82.90712300000001)"
"(32.1574351, -82.90712300000001)"
"(32.1574351, -82.90712300000001)"
"(32.1574351, -82.90712300000001)"
"(32.1574351, -82.90712300000001)"
"(32.1574351, -82.90712300000001)"
"(32.1574351, -82.90712300000001)"
"(32.1574351, -82.90712300000001)"
"(32.1574351, -82.90712300000001)"
"(32.2425256, -83.1267053)"
"(32.1574351, -82.90712300000001)"
"(32.1574351, -82.90712300000001)"
"(32.1574351, -82.90712300000001)"
"(32.1574351, -82.90712300000001)"
"(32.1574351, -82.90712300000001)"
"(32.1574351, -82.90712300000001)"
"(32.235149, -83.1192457)"
"(32.1574351, -82.90712300000001)"
"(32.1574351, -82.90712300000001)"
"(32.1574351, -82.90712300000001)"
"(32.1574351, -82.90712300000001)"
"(32.1574351, -82.90712300000001)"
"(32.1574351, -82.90712300000001)"
"(32.1574351, -82.90712300000001)"
"(32.1574351, -82.90712300000001)"
"(43.1958819, -92.5943477)"
"(41.8780025, -93.097702)"
"(41.8780025, -93.097702)"
"(41.8780025, -93.097702)"
"(41.8780025, -93.097702)"
"(41.8780025, -93.097702)"
""
"(41.8780025, -93.097702)"
"(41.8780025, -93.097702)"
"(41.8780025, -93.097702)"
"(40.8781415, -78.7386758)"
"(41.8780025, -93.097702)"
""
"(41.8780025, -93.097702)"
"(41.8780025, -93.097702)"
"(41.8780025, -93.097702)"
"(41.8780025, -93.097702)"
"(41.122237, -92.2551818)"
"(43.196345, -92.596804)"
"(41.8780025, -93.097702)"
"(41.8780025, -93.097702)"
"(41.8780025, -93.097702)"
"(41.8780025, -93.097702)"
"(41.8780025, -93.097702)"
"(43.049896, -92.671562)"
"(41.8780025, -93.097702)"
"(41.8780025, -93.097702)"
"(42.0416288, -91.6391524)"
"(41.8780025, -93.097702)"
"(41.8780025, -93.097702)"
"(43.0592724, -92.317864)"
"(41.8780025, -93.097702)"
"(41.8780025, -93.097702)"
"(41.8780025, -93.097702)"
"(41.8780025, -93.097702)"
"(41.8780025, -93.097702)"
"(41.8780025, -93.097702)"
"(41.3029196, -94.4353838)"
"(41.8780025, -93.097702)"
"(41.8780025, -93.097702)"
"(41.8780025, -93.097702)"
"(41.8780025, -93.097702)"
"(41.8780025, -93.097702)"
"(41.8780025, -93.097702)"
"(41.8780025, -93.097702)"
"(41.8780025, -93.097702)"
"(41.8780025, -93.097702)"
"(41.8780025, -93.097702)"
"(44.0682019, -114.7420408)"
"(44.0682019, -114.7420408)"
"(43.485512, -114.82938)"
"(44.0682019, -114.7420408)"
"(43.4108783, -112.0621243)"
"(44.0682019, -114.7420408)"
"(44.0682019, -114.7420408)"
"(42.9113109, -114.7159724)"
"(42.7846175, -113.9907384)"
""
"(44.0682019, -114.7420408)"
"(42.7237499, -114.7708967)"
"(44.0682019, -114.7420408)"
"(43.730059, -116.390624)"
"(40.6331249, -89.3985283)"
"(40.6331249, -89.3985283)"
"(42.3086275, -89.90206669999999)"
"(39.591829, -89.4183819)"
"(40.6331249, -89.3985283)"
"(40.6331249, -89.3985283)"
"(38.9958965, -88.9529754)"
"(40.6331249, -89.3985283)"
"(40.6331249, -89.3985283)"
"(40.6331249, -89.3985283)"
"(42.0364194, -90.11190649999999)"
"(40.6331249, -89.3985283)"
"(40.6331249, -89.3985283)"
"(40.6331249, -89.3985283)"
"(40.6331249, -89.3985283)"
"(41.1997423, -89.98324450000001)"
"(40.6331249, -89.3985283)"
"(40.6331249, -89.3985283)"
"(40.65797800000001, -89.898922)"
"(40.6331249, -89.3985283)"
"(40.6331249, -89.3985283)"
"(40.6331249, -89.3985283)"
"(40.6331249, -89.3985283)"
"(40.6331249, -89.3985283)"
"(40.6331249, -89.3985283)"
"(40.6331249, -89.3985283)"
"(40.6331249, -89.3985283)"
"(40.6331249, -89.3985283)"
"(40.6331249, -89.3985283)"
"(40.6331249, -89.3985283)"
"(40.6331249, -89.3985283)"
"(40.6331249, -89.3985283)"
"(40.6331249, -89.3985283)"
"(40.6331249, -89.3985283)"
"(40.6331249, -89.3985283)"
"(40.6331249, -89.3985283)"
"(40.3064751, -89.59689639999999)"
"(39.1345169, -88.4609723)"
"(38.0411383, -88.1626562)"
"(40.6331249, -89.3985283)"
"(40.6331249, -89.3985283)"
"(38.5255294, -89.0931768)"
"(40.6331249, -89.3985283)"
"(40.6331249, -89.3985283)"
"(40.6331249, -89.3985283)"
"(40.6331249, -89.3985283)"
"(42.25250370000001, -88.9010528)"
"(40.6331249, -89.3985283)"
"(40.6331249, -89.3985283)"
"(40.6331249, -89.3985283)"
"(38.6124667, -89.6020951)"
"(40.6331249, -89.3985283)"
"(40.6331249, -89.3985283)"
"(40.6989919, -87.7837759)"
"(40.3601341, -91.43414659999999)"
""
"(40.6331249, -89.3985283)"
"(40.6331249, -89.3985283)"
"(40.6331249, -89.3985283)"
"(40.6331249, -89.3985283)"
"(37.765377, -89.3379821)"
"(38.1364089, -89.70308879999999)"
"(38.9253401, -89.26915819999999)"
"(37.5291101, -89.1131205)"
"(40.6331249, -89.3985283)"
"(39.1602406, -89.65511649999999)"
"(40.6331249, -89.3985283)"
"(38.8179518, -90.0513596)"
"(39.78172130000001, -89.6501481)"
"(40.6331249, -89.3985283)"
"(40.6331249, -89.3985283)"
"(40.6331249, -89.3985283)"
""
"(37.8993873, -88.93009939999999)"
""
"(38.53573980000001, -89.2257614)"
"(37.4497658, -89.15434499999999)"
"(37.7305341, -88.5339968)"
"(40.6331249, -89.3985283)"
"(40.6331249, -89.3985283)"
"(40.6331249, -89.3985283)"
"(42.4742313, -90.253258)"
"(40.6331249, -89.3985283)"
"(40.6331249, -89.3985283)"
"(40.6331249, -89.3985283)"
"(40.6331249, -89.3985283)"
"(40.6331249, -89.3985283)"
"(40.4572277, -87.9339138)"
"(40.6331249, -89.3985283)"
"(40.6331249, -89.3985283)"
"(40.6331249, -89.3985283)"
"(39.78172130000001, -89.6501481)"
"(40.1654922, -89.7567693)"
"(40.5512165, -85.60236429999999)"
"(39.76909, -86.158018)"
"(39.76909, -86.158018)"
"(40.5517876, -85.299706)"
"(40.5512165, -85.60236429999999)"
"(40.5512165, -85.60236429999999)"
"(41.535914, -86.009682)"
"(40.4840863, -84.81970369999999)"
"(40.5978717, -86.5339307)"
"(39.2069886, -86.869174)"
"(40.45597, -84.96941199999999)"
"(40.4547805, -84.9701309)"
"(40.0151118, -105.2611507)"
"(40.9886066, -87.36208359999999)"
"(41.7046412, -85.6991066)"
"(40.6627269, -84.956868)"
"(40.5512165, -85.60236429999999)"
"(40.5512165, -85.60236429999999)"
"(38.2454263, -87.77393409999999)"
"(39.76909, -86.158018)"
"(39.76909, -86.158018)"
"(39.2215234, -86.4256722)"
"(41.5169004, -85.367926)"
"(37.2833606, -96.675303)"
"(39.8376693, -99.8723754)"
"(39.011902, -98.4842465)"
"(39.7864147, -97.8211766)"
"(39.011902, -98.4842465)"
"(39.011902, -98.4842465)"
"(30.5190775, -91.5208624)"
"(31.3112936, -92.4451371)"
"(29.8484932, -91.5548129)"
"(30.5190775, -91.5208624)"
"(39.0457549, -76.64127119999999)"
"(39.6266951, -77.7092014)"
"(39.0457549, -76.64127119999999)"
"(39.2771563, -75.8892565)"
"(39.0457549, -76.64127119999999)"
"(39.0457549, -76.64127119999999)"
"(39.0457549, -76.64127119999999)"
"(39.0457549, -76.64127119999999)"
"(39.3136433, -77.5121972)"
"(39.0457549, -76.64127119999999)"
"(39.0457549, -76.64127119999999)"
""
"(44.2940133, -68.28974629999999)"
"(45.253783, -69.4454689)"
"(44.0550384, -69.49935909999999)"
"(44.1250182, -69.25638)"
"(45.253783, -69.4454689)"
"(45.253783, -69.4454689)"
"(43.677074, -70.72520999999999)"
"(44.2408466, -69.2371012)"
"(44.40564940000001, -69.01318429999999)"
"(45.253783, -69.4454689)"
"(44.4731854, -68.8871183)"
"(45.253783, -69.4454689)"
"(45.253783, -69.4454689)"
"(44.1387738, -70.47073139999999)"
"(45.253783, -69.4454689)"
"(45.253783, -69.4454689)"
"(45.253783, -69.4454689)"
"(45.253783, -69.4454689)"
"(45.253783, -69.4454689)"
"(43.9569359, -69.7579708)"
"(44.3148443, -85.60236429999999)"
"(42.1205502, -86.4769319)"
"(44.3148443, -85.60236429999999)"
"(44.3148443, -85.60236429999999)"
"(43.59554989999999, -84.8136031)"
"(43.7468268, -85.86046619999999)"
"(42.5494511, -86.19382139999999)"
"(42.7130889, -85.4619599)"
"(43.7267755, -84.90841089999999)"
"(44.3148443, -85.60236429999999)"
"(44.3148443, -85.60236429999999)"
"(44.3148443, -85.60236429999999)"
"(44.3148443, -85.60236429999999)"
"(44.3148443, -85.60236429999999)"
"(43.0454677, -85.9787243)"
"(43.7288752, -83.2678475)"
"(44.3148443, -85.60236429999999)"
"(44.3148443, -85.60236429999999)"
"(44.3148443, -85.60236429999999)"
"(44.3148443, -85.60236429999999)"
"(43.157303, -85.83385799999999)"
"(44.3148443, -85.60236429999999)"
"(42.0405438, -84.38935959999999)"
"(44.3148443, -85.60236429999999)"
"(43.2587013, -85.7688522)"
"(46.729553, -94.6858998)"
"(46.729553, -94.6858998)"
"(46.729553, -94.6858998)"
""
"(46.729553, -94.6858998)"
"(46.729553, -94.6858998)"
"(46.729553, -94.6858998)"
"(46.729553, -94.6858998)"
"(46.729553, -94.6858998)"
"(46.729553, -94.6858998)"
"(43.754074, -93.7350921)"
"(46.729553, -94.6858998)"
"(44.273632, -92.9849494)"
"(46.729553, -94.6858998)"
"(46.729553, -94.6858998)"
"(46.729553, -94.6858998)"
"(47.6339425, -95.51716189999999)"
"(46.729553, -94.6858998)"
"(46.729553, -94.6858998)"
"(44.0929369, -93.5026573)"
"(46.729553, -94.6858998)"
"(46.729553, -94.6858998)"
"(46.729553, -94.6858998)"
"(46.729553, -94.6858998)"
"(46.729553, -94.6858998)"
""
"(46.729553, -94.6858998)"
"(46.729553, -94.6858998)"
"(46.729553, -94.6858998)"
"(46.729553, -94.6858998)"
"(46.729553, -94.6858998)"
"(46.729553, -94.6858998)"
"(46.729553, -94.6858998)"
"(46.729553, -94.6858998)"
"(47.8877639, -96.61527249999999)"
""
"(46.729553, -94.6858998)"
"(46.729553, -94.6858998)"
"(46.729553, -94.6858998)"
"(46.729553, -94.6858998)"
"(45.305613, -93.6260557)"
"(46.729553, -94.6858998)"
"(46.729553, -94.6858998)"
"(46.729553, -94.6858998)"
"(46.729553, -94.6858998)"
"(46.729553, -94.6858998)"
"(46.729553, -94.6858998)"
"(46.729553, -94.6858998)"
"(46.729553, -94.6858998)"
"(46.729553, -94.6858998)"
"(46.729553, -94.6858998)"
"(46.729553, -94.6858998)"
"(46.729553, -94.6858998)"
""
""
"(46.729553, -94.6858998)"
"(45.7093134, -94.9522179)"
"(43.7761538, -92.4833649)"
"(46.729553, -94.6858998)"
"(46.729553, -94.6858998)"
"(46.729553, -94.6858998)"
"(46.729553, -94.6858998)"
"(46.729553, -94.6858998)"
"(46.729553, -94.6858998)"
"(46.729553, -94.6858998)"
"(46.729553, -94.6858998)"
"(44.0327417, -92.6454624)"
"(46.729553, -94.6858998)"
"(46.729553, -94.6858998)"
"(45.0927315, -93.5461619)"
"(46.729553, -94.6858998)"
"(46.729553, -94.6858998)"
"(37.9642529, -91.8318334)"
"(38.4808722, -90.7441844)"
"(38.5584091, -92.1324231)"
"(36.6452182, -93.27772329999999)"
"(37.9642529, -91.8318334)"
"(37.9642529, -91.8318334)"
"(37.9642529, -91.8318334)"
"(38.5554199, -91.01042059999999)"
"(37.9642529, -91.8318334)"
"(38.2780132, -90.47410610000001)"
"(37.9642529, -91.8318334)"
"(37.9642529, -91.8318334)"
"(37.9642529, -91.8318334)"
""
""
"(37.9642529, -91.8318334)"
"(37.9642529, -91.8318334)"
"(36.8614674, -94.1877456)"
"(37.9642529, -91.8318334)"
"(36.9458952, -94.0002099)"
"(36.23794669999999, -90.04457699999999)"
"(37.9642529, -91.8318334)"
"(38.1189669, -90.5595925)"
""
"(37.9642529, -91.8318334)"
"(40.1527639, -74.8133872)"
"(37.9642529, -91.8318334)"
"(37.9642529, -91.8318334)"
"(36.6441276, -93.2183384)"
"(39.1709536, -91.58434899999999)"
"(37.9642529, -91.8318334)"
"(37.7658245, -93.5597796)"
"(37.6124718, -93.44344269999999)"
"(37.9642529, -91.8318334)"
"(37.9642529, -91.8318334)"
"(37.9642529, -91.8318334)"
"(39.6480887, -92.5232415)"
"(37.9642529, -91.8318334)"
"(37.9642529, -91.8318334)"
"(37.9642529, -91.8318334)"
"(36.8412411, -94.6108415)"
"(37.9642529, -91.8318334)"
"(38.990069, -93.5658619)"
"(37.9642529, -91.8318334)"
"(37.9016227, -90.39404290000002)"
"(37.9642529, -91.8318334)"
"(37.9642529, -91.8318334)"
"(39.40203311795488, -92.76180872557008)"
"(37.9642529, -91.8318334)"
"(34.1298886, -89.6385509)"
"(32.3546679, -89.3985283)"
"(32.3546679, -89.3985283)"
"(32.3546679, -89.3985283)"
"(33.3486802, -90.6087251)"
"(31.8768867, -88.6267824)"
"(33.885731, -89.67980899999999)"
"(46.8796822, -110.3625658)"
"(46.8796822, -110.3625658)"
"(46.8796822, -110.3625658)"
"(46.8796822, -110.3625658)"
"(46.8796822, -110.3625658)"
"(46.26871209999999, -106.6661186)"
"(47.5514926, -101.0020119)"
"(41.4925374, -99.9018131)"
"(41.4925374, -99.9018131)"
"(41.4925374, -99.9018131)"
"(41.4925374, -99.9018131)"
"(40.0583238, -74.4056612)"
""
"(34.9727305, -105.0323635)"
"(34.9727305, -105.0323635)"
"(40.7127753, -74.0059728)"
"(40.7127753, -74.0059728)"
"(40.7127753, -74.0059728)"
""
"(40.7127753, -74.0059728)"
"(40.7127753, -74.0059728)"
"(40.7127753, -74.0059728)"
"(43.1301338, -73.7074848)"
"(40.7127753, -74.0059728)"
"(40.7127753, -74.0059728)"
"(40.7127753, -74.0059728)"
"(40.9588863, -73.7729342)"
"(40.7127753, -74.0059728)"
"(43.00081, -73.482534)"
"(40.7127753, -74.0059728)"
"(40.7127753, -74.0059728)"
"(42.1592235, -79.5953258)"
"(40.7127753, -74.0059728)"
"(40.7127753, -74.0059728)"
"(42.1232136, -79.4478858)"
"(40.7127753, -74.0059728)"
""
"(42.6768361, -73.5153509)"
"(43.0448483, -73.6300729)"
""
"(40.7127753, -74.0059728)"
"(40.7127753, -74.0059728)"
"(40.7127753, -74.0059728)"
"(40.7127753, -74.0059728)"
"(40.9170435, -72.66204019999999)"
"(40.7127753, -74.0059728)"
"(40.7127753, -74.0059728)"
"(40.7127753, -74.0059728)"
"(40.4172871, -82.90712300000001)"
"(40.4172871, -82.90712300000001)"
"(40.4172871, -82.90712300000001)"
"(40.2921729, -81.7351431)"
"(41.8050539, -80.94814889999999)"
"(40.4172871, -82.90712300000001)"
"(40.4172871, -82.90712300000001)"
"(40.4172871, -82.90712300000001)"
"(40.4890747, -81.9805145)"
"(41.3791153, -82.5463637)"
"(40.4172871, -82.90712300000001)"
"(40.66794549999999, -81.6964837)"
"(40.5144718, -81.6608564)"
"(41.4747732, -84.5524508)"
"(41.1747946, -81.2438135)"
"(40.4172871, -82.90712300000001)"
"(40.4172871, -82.90712300000001)"
"(40.4172871, -82.90712300000001)"
"(40.4172871, -82.90712300000001)"
"(40.4172871, -82.90712300000001)"
"(40.4172871, -82.90712300000001)"
"(41.773908, -80.9420956)"
"(40.08923850000001, -83.1279057)"
"(40.4172871, -82.90712300000001)"
"(40.4172871, -82.90712300000001)"
"(40.2389342, -82.9594499)"
"(39.855503, -82.7870483)"
"(40.4172871, -82.90712300000001)"
"(40.4172871, -82.90712300000001)"
"(40.4172871, -82.90712300000001)"
"(40.4172871, -82.90712300000001)"
"(40.4172871, -82.90712300000001)"
"(40.4172871, -82.90712300000001)"
"(40.4172871, -82.90712300000001)"
"(40.924197, -84.05983839999999)"
"(40.4172871, -82.90712300000001)"
"(41.3107604, -80.5722656)"
"(40.3963912, -81.32608669999999)"
"(39.4380911, -84.22119029999999)"
"(40.4172871, -82.90712300000001)"
"(41.20627899999999, -83.78685899999999)"
""
"(45.4831849, -118.8299848)"
"(40.2135241, -76.6125934)"
"(41.2033216, -77.1945247)"
"(41.2033216, -77.1945247)"
"(41.2033216, -77.1945247)"
"(41.2033216, -77.1945247)"
"(41.6616195, -76.25276330000001)"
"(40.0370071, -78.3704455)"
"(41.2033216, -77.1945247)"
"(41.2033216, -77.1945247)"
"(41.2033216, -77.1945247)"
"(41.2033216, -77.1945247)"
"(40.2896577, -78.7730563)"
"(40.018357, -76.1362505)"
"(41.2033216, -77.1945247)"
"(40.60024749999999, -76.2440465)"
"(41.2033216, -77.1945247)"
"(41.2033216, -77.1945247)"
"(40.0908257, -76.3815655)"
"(41.2033216, -77.1945247)"
"(40.2381249, -77.067914)"
"(40.5986011, -77.5732033)"
"(41.2033216, -77.1945247)"
"(41.2033216, -77.1945247)"
"(40.4687682, -76.2155001)"
"(40.463054, -78.2763744)"
"(41.2033216, -77.1945247)"
""
"(42.1811714, -79.89286799999999)"
"(41.2033216, -77.1945247)"
"(41.2033216, -77.1945247)"
"(40.7875816, -77.85593290000001)"
"(40.7261989, -75.8141955)"
"(41.2033216, -77.1945247)"
"(41.2033216, -77.1945247)"
"(41.2033216, -77.1945247)"
"(41.2033216, -77.1945247)"
"(41.4319041, -75.1803465)"
"(40.779272, -75.898556)"
"(40.2401307, -77.04787019999999)"
"(40.4766641, -76.1666408)"
"(41.2033216, -77.1945247)"
"(41.2033216, -77.1945247)"
"(41.2033216, -77.1945247)"
"(41.2033216, -77.1945247)"
"(41.2033216, -77.1945247)"
"(41.2033216, -77.1945247)"
"(39.8768747, -77.6356359)"
"(41.2033216, -77.1945247)"
"(41.1348521, -76.44271780000001)"
"(41.2033216, -77.1945247)"
"(41.0077596, -76.05308579999999)"
"(41.2033216, -77.1945247)"
"(40.1654207, -76.5833777)"
"(40.9345991, -76.70432749999999)"
"(40.1985949, -76.15436989999999)"
"(18.4318157, -66.15583470000001)"
"(33.836081, -81.1637245)"
"(36.9959978, -88.89015880000001)"
"(33.836081, -81.1637245)"
"(33.836081, -81.1637245)"
"(36.477891, -88.742139)"
"(35.5174913, -86.5804473)"
""
"(35.5174913, -86.5804473)"
"(35.5174913, -86.5804473)"
"(35.5174913, -86.5804473)"
"(35.5174913, -86.5804473)"
"(35.8396988, -86.695261)"
"(35.5174913, -86.5804473)"
"(36.2515651, -83.7554983)"
"(32.4710004, -95.82067769999999)"
"(28.967194, -98.4786269)"
"(32.2585141, -100.0100664)"
"(31.9685988, -99.9018131)"
"(32.7087412, -97.94732479999999)"
"(29.26483409999999, -98.7348026)"
"(31.9685988, -99.9018131)"
"(31.9685988, -99.9018131)"
"(33.1398034, -96.1072021)"
"(31.9685988, -99.9018131)"
"(31.9685988, -99.9018131)"
"(40.7606608, -111.8939487)"
"(40.4238889, -109.4988889)"
"(40.7606608, -111.8939487)"
"(40.7606608, -111.8939487)"
"(40.7606608, -111.8939487)"
""
"(40.4549146, -109.5427435)"
"(40.7606608, -111.8939487)"
"(46.931179, -120.460875)"
"(47.7510741, -120.7401386)"
"(38.9071923, -77.0368707)"
"(47.7510741, -120.7401386)"
"(47.7510741, -120.7401386)"
"(47.7510741, -120.7401386)"
"(47.7510741, -120.7401386)"
"(47.7510741, -120.7401386)"
"(47.7510741, -120.7401386)"
"(47.7510741, -120.7401386)"
"(48.8309577, -121.6029171)"
"(47.7510741, -120.7401386)"
"(47.7510741, -120.7401386)"
"(47.7510741, -120.7401386)"
"(47.7510741, -120.7401386)"
"(47.4461696, -122.4628509)"
"(47.7510741, -120.7401386)"
"(48.86087790000001, -122.4445648)"
"(44.676258, -90.1883697)"
""
"(43.8618812, -91.0711135)"
"(43.7844397, -88.7878678)"
"(43.7844397, -88.7878678)"
"(43.7844397, -88.7878678)"
""
"(43.54018689999999, -89.45164989999999)"
"(43.7844397, -88.7878678)"
"(43.7844397, -88.7878678)"
"(45.4579601, -89.7254868)"
"(45.5337974, -89.7088198)"
"(43.5647205, -88.3720239)"
"(43.7844397, -88.7878678)"
"(45.9018211, -91.4761623)"
"(45.821744, -91.01179599999999)"
"(45.247951, -92.35599599999999)"
"(44.8121592, -106.953167)"
"(41.4925374, -99.9018131)"
"(63.588753, -154.4930619)"
"(62.2718497, -146.5350625)"
"(32.9280995, -86.73061729999999)"
"(32.3182314, -86.902298)"
"(32.3182314, -86.902298)"
"(32.3182314, -86.902298)"
"(32.3182314, -86.902298)"
"(33.3029975, -86.3513488)"
"(36.2317963, -93.10515939999999)"
"(35.20105, -91.8318334)"
"(35.20105, -91.8318334)"
""
"(35.20105, -91.8318334)"
"(35.20105, -91.8318334)"
"(35.20105, -91.8318334)"
"(35.20105, -91.8318334)"
"(38.7614031, -120.5072407)"
"(35.3683627, -119.0141564)"
"(36.938468, -121.8021647)"
"(36.778261, -119.4179324)"
"(36.9086049, -120.0060079)"
"(36.778261, -119.4179324)"
"(36.778261, -119.4179324)"
"(36.778261, -119.4179324)"
"(36.778261, -119.4179324)"
"(39.5500507, -105.7820674)"
"(39.5500507, -105.7820674)"
"(39.5500507, -105.7820674)"
""
"(41.6032207, -73.087749)"
"(41.6032207, -73.087749)"
"(38.6934216, -75.5888008)"
"(39.158168, -75.5243682)"
"(38.9108325, -75.52766989999999)"
"(39.3015511, -75.628761)"
"(38.7449046, -75.1838757)"
"(27.6648274, -81.5157535)"
"(27.6648274, -81.5157535)"
""
"(32.1574351, -82.90712300000001)"
"(32.1574351, -82.90712300000001)"
"(32.1574351, -82.90712300000001)"
"(31.2091813, -83.23112499999999)"
"(32.1574351, -82.90712300000001)"
"(32.1574351, -82.90712300000001)"
"(31.5047225, -82.8415842)"
"(32.1574351, -82.90712300000001)"
""
"(34.4329676, -84.1765952)"
"(32.3489297, -83.1322816)"
"(32.1574351, -82.90712300000001)"
"(32.1574351, -82.90712300000001)"
"(33.0937361, -84.57381509999999)"
""
"(34.6054571, -84.57008599999999)"
"(32.1574351, -82.90712300000001)"
"(32.1574351, -82.90712300000001)"
"(32.1574351, -82.90712300000001)"
"(32.1574351, -82.90712300000001)"
"(32.1574351, -82.90712300000001)"
""
"(32.1574351, -82.90712300000001)"
"(32.1574351, -82.90712300000001)"
"(33.921606, -83.0319619)"
"(32.1574351, -82.90712300000001)"
"(34.99142399999999, -83.7849672)"
"(34.2828967, -85.2308414)"
"(42.315407, 43.35689199999999)"
"(32.1574351, -82.90712300000001)"
"(32.1574351, -82.90712300000001)"
"(32.1574351, -82.90712300000001)"
"(21.3783473, -158.0170593)"
"(20.0136226, -155.683665)"
"(19.8986819, -155.6658568)"
"(41.8780025, -93.097702)"
"(41.8780025, -93.097702)"
"(41.8780025, -93.097702)"
""
"(41.8780025, -93.097702)"
"(41.8780025, -93.097702)"
"(41.8780025, -93.097702)"
"(41.8780025, -93.097702)"
"(41.8780025, -93.097702)"
"(41.809692, -90.539017)"
"(41.8780025, -93.097702)"
"(41.8780025, -93.097702)"
"(41.8780025, -93.097702)"
"(41.8780025, -93.097702)"
"(41.8780025, -93.097702)"
"(41.8780025, -93.097702)"
""
"(41.8780025, -93.097702)"
"(41.8780025, -93.097702)"
""
"(41.8780025, -93.097702)"
"(43.3728695, -92.4031701)"
"(41.8780025, -93.097702)"
"(41.8780025, -93.097702)"
"(41.8780025, -93.097702)"
"(41.8780025, -93.097702)"
"(41.8780025, -93.097702)"
"(41.5958712, -90.77192459999999)"
"(41.8780025, -93.097702)"
"(41.8780025, -93.097702)"
"(42.3430932, -113.9118466)"
""
"(44.0682019, -114.7420408)"
"(43.6817218, -116.3162025)"
"(44.0682019, -114.7420408)"
"(44.0682019, -114.7420408)"
"(44.0682019, -114.7420408)"
"(44.0682019, -114.7420408)"
"(44.0682019, -114.7420408)"
"(44.0682019, -114.7420408)"
"(44.0682019, -114.7420408)"
"(44.0682019, -114.7420408)"
"(43.8619405, -116.5527842)"
"(42.8516965, -114.2099505)"
"(44.0682019, -114.7420408)"
"(44.0682019, -114.7420408)"
"(44.0682019, -114.7420408)"
"(40.6331249, -89.3985283)"
"(40.6331249, -89.3985283)"
"(40.94781580000001, -90.3712395)"
"(40.6331249, -89.3985283)"
"(38.5255294, -89.0931768)"
"(40.6331249, -89.3985283)"
"(40.6331249, -89.3985283)"
"(40.6331249, -89.3985283)"
"(40.6331249, -89.3985283)"
"(40.6331249, -89.3985283)"
"(39.1844854, -85.8933283)"
"(39.24408409999999, -85.94040319999999)"
"(39.76909, -86.158018)"
"(41.447262, -86.073622)"
"(40.5512165, -85.60236429999999)"
"(38.3554723, -98.76246499999999)"
"(37.79823220000001, -94.7011275)"
"(39.011902, -98.4842465)"
"(37.0234366, -94.73569510000002)"
"(39.011902, -98.4842465)"
"(39.011902, -98.4842465)"
"(39.011902, -98.4842465)"
"(39.011902, -98.4842465)"
"(37.724728, -100.0169572)"
"(39.011902, -98.4842465)"
"(39.011902, -98.4842465)"
"(37.592308, -100.4650955)"
""
"(37.64978130000001, -100.6989206)"
"(39.011902, -98.4842465)"
"(39.011902, -98.4842465)"
"(39.011902, -98.4842465)"
"(39.011902, -98.4842465)"
"(37.6463946, -98.7297045)"
"(38.0292451, -97.9723286)"
"(38.0608445, -97.92977429999999)"
"(39.011902, -98.4842465)"
"(38.7684105, -97.6029331)"
"(39.011902, -98.4842465)"
"(39.011902, -98.4842465)"
"(38.0202371, -84.90721429999999)"
"(37.8393332, -84.2700179)"
"(37.8393332, -84.2700179)"
"(37.8393332, -84.2700179)"
"(37.8393332, -84.2700179)"
"(37.8393332, -84.2700179)"
"(37.8393332, -84.2700179)"
"(37.8393332, -84.2700179)"
"(37.8393332, -84.2700179)"
""
"(37.8393332, -84.2700179)"
"(37.813894, -83.62793889999999)"
"(37.09126759999999, -84.620284)"
"(36.66735278057163, -83.8817524905782)"
"(37.8393332, -84.2700179)"
"(37.8393332, -84.2700179)"
"(38.230339, -85.1572113)"
"(37.8393332, -84.2700179)"
"(30.5190775, -91.5208624)"
"(30.0895347, -92.6715619)"
"(30.5190775, -91.5208624)"
"(30.5190775, -91.5208624)"
"(32.928962, -91.21914799999999)"
"(31.5957584, -92.41516870000001)"
"(30.5190775, -91.5208624)"
"(42.4072107, -71.3824374)"
"(-30.515383, 151.6711788)"
"(42.4072107, -71.3824374)"
"(-30.515383, 151.6711788)"
""
"(42.4072107, -71.3824374)"
"(42.3683032, -71.28529170000002)"
"(41.72034499999999, -70.76386099999999)"
"(41.7801181, -70.73942780000002)"
"(39.497674, -76.17001599999999)"
"(39.0457549, -76.64127119999999)"
"(39.0457549, -76.64127119999999)"
"(38.6897711, -75.7752532)"
"(39.0457549, -76.64127119999999)"
"(39.0457549, -76.64127119999999)"
"(39.0457549, -76.64127119999999)"
"(39.0457549, -76.64127119999999)"
"(39.0457549, -76.64127119999999)"
"(39.0457549, -76.64127119999999)"
"(39.1381072, -76.23486319999999)"
"(39.0457549, -76.64127119999999)"
"(39.0457549, -76.64127119999999)"
"(38.2506724, -75.2910256)"
"(39.2590654, -76.8315341)"
"(39.0457549, -76.64127119999999)"
"(45.253783, -69.4454689)"
"(44.4259092, -69.0064234)"
"(43.91461400000001, -69.96490539999999)"
"(44.2767942, -68.6095462)"
"(45.253783, -69.4454689)"
"(45.253783, -69.4454689)"
"(44.196673, -69.865073)"
"(45.253783, -69.4454689)"
"(44.1489868, -69.0880813)"
"(45.253783, -69.4454689)"
"(44.1649491, -70.6439747)"
"(44.0411682, -70.98834219999999)"
"(44.8507368, -68.78375439999999)"
""
"(44.6623621, -69.29531349999999)"
"(45.253783, -69.4454689)"
"(44.8231606, -67.15571229999999)"
"(43.5966216, -70.5654435)"
"(43.61884060000001, -83.91309)"
"(44.3148443, -85.60236429999999)"
"(45.2166751, -85.01394189999999)"
"(45.750125, -87.0767755)"
"(42.0549464, -84.4788937)"
"(42.3851689, -85.74685099999999)"
"(44.3148443, -85.60236429999999)"
"(42.7813051, -85.6955507)"
"(43.2587013, -85.7688522)"
"(43.1958913, -83.3110621)"
"(43.9456138, -86.4246063)"
"(43.1769772, -84.8463945)"
"(44.3148443, -85.60236429999999)"
"(44.3148443, -85.60236429999999)"
"(44.3148443, -85.60236429999999)"
"(45.0821226, -86.07336339999999)"
"(43.117677, -85.82428499999999)"
""
"(44.3148443, -85.60236429999999)"
"(44.3148443, -85.60236429999999)"
"(44.3148443, -85.60236429999999)"
"(44.3148443, -85.60236429999999)"
"(43.0752105, -86.1389007)"
"(44.3148443, -85.60236429999999)"
"(44.3148443, -85.60236429999999)"
"(44.3148443, -85.60236429999999)"
"(46.729553, -94.6858998)"
"(46.729553, -94.6858998)"
"(46.729553, -94.6858998)"
"(46.729553, -94.6858998)"
"(46.729553, -94.6858998)"
""
"(46.729553, -94.6858998)"
"(46.729553, -94.6858998)"
"(46.729553, -94.6858998)"
"(46.729553, -94.6858998)"
"(46.729553, -94.6858998)"
"(46.729553, -94.6858998)"
"(46.729553, -94.6858998)"
"(46.729553, -94.6858998)"
"(46.729553, -94.6858998)"
"(46.729553, -94.6858998)"
"(46.729553, -94.6858998)"
"(46.729553, -94.6858998)"
"(46.729553, -94.6858998)"
"(46.729553, -94.6858998)"
"(46.729553, -94.6858998)"
""
"(46.729553, -94.6858998)"
"(46.729553, -94.6858998)"
"(46.729553, -94.6858998)"
"(46.729553, -94.6858998)"
"(46.729553, -94.6858998)"
"(37.9642529, -91.8318334)"
"(37.9642529, -91.8318334)"
"(37.9642529, -91.8318334)"
"(36.7022661, -89.8630452)"
"(37.9642529, -91.8318334)"
"(32.3546679, -89.3985283)"
"(32.3546679, -89.3985283)"
"(32.3546679, -89.3985283)"
"(32.3546679, -89.3985283)"
"(32.3546679, -89.3985283)"
"(32.3546679, -89.3985283)"
"(32.3546679, -89.3985283)"
"(32.3546679, -89.3985283)"
"(32.3546679, -89.3985283)"
"(32.3546679, -89.3985283)"
"(32.3546679, -89.3985283)"
"(32.3546679, -89.3985283)"
"(32.3546679, -89.3985283)"
"(31.2712103176929, -90.0396573494246)"
"(32.3546679, -89.3985283)"
"(31.3065238, -90.038192)"
"(32.3546679, -89.3985283)"
"(32.3546679, -89.3985283)"
"(45.67899600000001, -111.0362568)"
"(46.8796822, -110.3625658)"
"(35.7392527, -81.35700039999999)"
"(46.8796822, -110.3625658)"
"(46.8796822, -110.3625658)"
"(45.7018373, -111.0886663)"
"(46.8796822, -110.3625658)"
"(47.5484008, -111.4786529)"
"(46.8796822, -110.3625658)"
"(46.8796822, -110.3625658)"
"(46.8796822, -110.3625658)"
"(46.8796822, -110.3625658)"
"(45.5743184, -111.6848623)"
"(48.2054178, -114.2952134)"
"(46.8796822, -110.3625658)"
"(48.4824505, -114.1177626)"
"(46.8796822, -110.3625658)"
"(46.8796822, -110.3625658)"
"(46.8796822, -110.3625658)"
""
"(46.8796822, -110.3625658)"
"(45.2191154, -112.6344518)"
"(45.67931189999999, -111.037259)"
"(46.8796822, -110.3625658)"
"(45.6666087, -111.1519332)"
"(46.8796822, -110.3625658)"
"(35.7595731, -79.01929969999999)"
"(35.7595731, -79.01929969999999)"
"(35.7595731, -79.01929969999999)"
"(35.0985842, -84.02139749999999)"
"(34.9899831, -83.8246305)"
"(35.7595731, -79.01929969999999)"
"(35.7595731, -79.01929969999999)"
"(35.755387, -82.691768)"
"(34.6999754, -86.8046467)"
"(35.7595731, -79.01929969999999)"
"(35.2334079, -82.2385505)"
"(35.7595731, -79.01929969999999)"
"(35.7595731, -79.01929969999999)"
"(47.5514926, -101.0020119)"
"(47.5514926, -101.0020119)"
"(47.5514926, -101.0020119)"
"(47.5514926, -101.0020119)"
"(47.5514926, -101.0020119)"
"(47.5514926, -101.0020119)"
"(47.5514926, -101.0020119)"
"(47.5514926, -101.0020119)"
"(47.5514926, -101.0020119)"
"(47.5514926, -101.0020119)"
"(41.4925374, -99.9018131)"
"(41.4925374, -99.9018131)"
""
"(41.4925374, -99.9018131)"
"(40.8208402, -99.8837305)"
"(41.4925374, -99.9018131)"
"(41.4925374, -99.9018131)"
"(41.4925374, -99.9018131)"
"(41.4925374, -99.9018131)"
"(41.4925374, -99.9018131)"
"(41.4925374, -99.9018131)"
"(41.4925374, -99.9018131)"
"(41.4925374, -99.9018131)"
"(41.4925374, -99.9018131)"
"(41.4925374, -99.9018131)"
"(41.4925374, -99.9018131)"
"(42.6835925, -102.6895228)"
"(41.4925374, -99.9018131)"
"(43.86100727292295, -71.31112161377095)"
"(43.0190871, -71.60316259999999)"
"(43.1938516, -71.5723953)"
"(43.0612461, -71.2888619)"
"(42.9928786, -71.0800472)"
"(39.6828396, -74.2448517)"
"(40.0583238, -74.4056612)"
"(39.569147, -75.23825)"
"(40.982211, -74.758358)"
"(34.9727305, -105.0323635)"
"(34.9727305, -105.0323635)"
"(35.8928034, -106.0230784)"
"(40.4172871, -82.90712300000001)"
"(39.9418435, -83.6366532)"
"(41.5798329, -81.1868155)"
"(40.4172871, -82.90712300000001)"
"(40.4172871, -82.90712300000001)"
"(40.4172871, -82.90712300000001)"
"(35.4424194, -97.47807970000001)"
"(35.0077519, -97.092877)"
"(35.8612034, -94.9588438)"
"(35.0077519, -97.092877)"
"(35.0077519, -97.092877)"
"(35.0077519, -97.092877)"
"(35.0077519, -97.092877)"
"(35.054622, -97.75538999999999)"
"(35.0077519, -97.092877)"
"(36.2884902, -98.4823303)"
"(36.4339131, -95.2735455)"
"(36.9230428, -94.8754745)"
"(36.9230428, -94.8754745)"
"(35.3489252, -96.9133667)"
"(41.2033216, -77.1945247)"
"(40.124405, -76.20604399999999)"
"(40.0615686, -76.579653)"
"(40.114738, -76.0334038)"
"(41.2033216, -77.1945247)"
"(41.2033216, -77.1945247)"
"(41.2033216, -77.1945247)"
"(39.9903679, -76.74492099999999)"
"(41.2033216, -77.1945247)"
"(41.2033216, -77.1945247)"
"(41.6331084, -76.8717808)"
"(41.2033216, -77.1945247)"
"(41.847603, -76.76059049999999)"
"(41.6393789, -76.8181364)"
"(41.2033216, -77.1945247)"
"(40.2667744, -74.9832234)"
"(40.2415602, -76.9100035)"
"(41.2033216, -77.1945247)"
""
"(41.2033216, -77.1945247)"
"(40.0009348, -76.07967579999999)"
"(40.2037761, -76.1563642)"
"(41.2033216, -77.1945247)"
"(41.2033216, -77.1945247)"
"(40.35351, -77.42871099999999)"
"(41.2033216, -77.1945247)"
"(40.7947499, -75.8066073)"
"(41.2033216, -77.1945247)"
"(41.5179633, -75.1859652)"
"(40.0660914, -76.7713429)"
"(41.54177749999999, -71.506704)"
"(33.836081, -81.1637245)"
"(33.836081, -81.1637245)"
"(33.836081, -81.1637245)"
"(33.836081, -81.1637245)"
""
"(34.7681315, -80.3345184)"
"(33.836081, -81.1637245)"
"(33.836081, -81.1637245)"
"(33.836081, -81.1637245)"
"(33.836081, -81.1637245)"
"(33.836081, -81.1637245)"
"(33.836081, -81.1637245)"
"(34.2745833, -81.6187178)"
"(33.836081, -81.1637245)"
"(33.836081, -81.1637245)"
"(33.836081, -81.1637245)"
"(43.9695148, -99.9018131)"
"(43.9695148, -99.9018131)"
"(43.9695148, -99.9018131)"
"(43.9695148, -99.9018131)"
"(43.2405319, -97.5711212)"
"(43.9695148, -99.9018131)"
""
""
"(35.5174913, -86.5804473)"
"(35.75648109999999, -83.96899900000001)"
"(35.5174913, -86.5804473)"
"(35.5174913, -86.5804473)"
"(35.4018573, -86.1242602)"
"(35.5174913, -86.5804473)"
"(35.2444229, -89.35042059999999)"
"(35.5174913, -86.5804473)"
"(35.5174913, -86.5804473)"
"(35.5174913, -86.5804473)"
"(40.5640668, -109.682004)"
"(40.7606608, -111.8939487)"
"(39.1642658, -112.3353932)"
"(41.838886, -111.3289542)"
"(37.2803688, -109.5702972)"
"(41.6946427, -111.8613914)"
"(37.61127219999999, -109.4837574)"
"(37.281112, -109.5684634)"
"(40.7606608, -111.8939487)"
"(37.6241646, -109.478177)"
"(40.7606608, -111.8939487)"
"(37.871584, -109.3432088)"
"(40.7606608, -111.8939487)"
"(40.7606608, -111.8939487)"
"(40.7606608, -111.8939487)"
"(40.7606608, -111.8939487)"
""
"(37.4321407, -77.4759334)"
"(37.4315734, -78.6568942)"
"(37.6569665, -77.8627574)"
"(37.4315734, -78.6568942)"
"(37.4315734, -78.6568942)"
"(39.1394628, -78.1291245)"
"(44.3496253, -72.0675804)"
"(44.7798571, -72.9916812)"
"(44.035801, -72.327713)"
"(44.2896963, -72.5787485)"
"(43.04095119999999, -72.78979749999999)"
"(43.1734338, -72.7234481)"
"(44.5588028, -72.57784149999999)"
"(47.7510741, -120.7401386)"
"(47.7510741, -120.7401386)"
"(47.7510741, -120.7401386)"
"(47.7510741, -120.7401386)"
"(48.524285, -122.9132292)"
"(47.7510741, -120.7401386)"
""
"(47.7510741, -120.7401386)"
"(48.86087790000001, -122.4445648)"
"(46.6843643, -120.6494369)"
"(46.810789, -90.8161295)"
"(42.5866454, -88.422184)"
"(46.2160529, -92.15546979999999)"
"(43.7844397, -88.7878678)"
"(43.7844397, -88.7878678)"
"(42.5700702, -90.5313183)"
"(43.7844397, -88.7878678)"
"(43.7844397, -88.7878678)"
"(44.0045833, -91.296816)"
"(43.9101317, -91.0801484)"
"(45.4887624, -89.7298405)"
"(43.7844397, -88.7878678)"
"(43.7844397, -88.7878678)"
"(43.7844397, -88.7878678)"
"(45.4631349, -91.1023181)"
"(43.7844397, -88.7878678)"
"(43.7844397, -88.7878678)"
"(43.7844397, -88.7878678)"
"(43.7844397, -88.7878678)"
"(42.84138069999999, -88.7043803)"
"(42.7780899, -88.3739854)"
"(45.9423445, -92.0775999)"
"(44.249663, -88.78166)"
"(41.3102069, -105.5913467)"
"(42.8616375, -105.8716246)"
"(43.0417766, -108.3799683)"
"(43.0759678, -107.2902839)"
"(43.0759678, -107.2902839)"
"(43.0759678, -107.2902839)"
"(43.0759678, -107.2902839)"
"(44.823822, -106.9698614)"
"(41.633363, -109.2718278)"
"(33.5103162, -86.8421125)"
"(41.2829142, -72.8100213)"
"(36.778261, -119.4179324)"
"(33.7501275, -84.3885209)"
"(42.3284483, -71.0854325)"
"(41.705696, -87.6572803)"
"(43.0389025, -87.9064736)"
"(25.9860762, -80.30356019999999)"
"(37.8043514, -122.2711639)"
"(34.1458012, -118.1488888)"
"(33.9830688, -118.096735)"
"(34.0164198, -118.4951909)"
"(42.1032166, -72.5929498)"
"(22.9734229, 78.6568942)"
"(40.6331249, -89.3985283)"
"(48.19988009999999, -118.8678004)"
"(19.5429151, -155.6658568)"
"(32.783495, -96.7708138)"
"(30.3500511, -81.6035062)"
"(38.7039, -77.2255349)"
"(41.7376587, -87.697554)"
"(33.2903732, -112.1593788)"
"(36.778261, -119.4179324)"
"(42.3532541, -88.031773)"
"(42.6079873, -70.8865354)"
"(41.2503272, -74.006509)"
"(37.5059332, -77.3324425)"
"(42.2271881, -70.8833434)"
"(39.2873463, -76.964306)"
"(39.8021401, -89.654348)"
"(39.7691002, -86.1649229)"
"(32.2878395, -90.2432307)"
"(29.6498691, -90.11206960000001)"
"(33.3540602, -112.1549442)"
"(30.4340146, -90.6773046)"
"(34.05963370000001, -118.2542077)"
"(42.3605677, -71.0620715)"
"(44.3148443, -85.60236429999999)"
"(43.05366, -87.9206256)"
"(44.9716692, -93.2806134)"
"(44.9568009, -93.0841602)"
"(39.1547426, -77.2405153)"
"(35.7845198, -78.63816949999999)"
"(40.7127753, -74.0059728)"
"(32.750341, -97.067835)"
"(42.325578, -87.8411818)"
"(40.72850469999999, -73.9406226)"
"(37.7889721, -122.2086579)"
"(43.8041334, -120.5542012)"
"(34.202941, -119.1972048)"
"(40.4787809, -79.8184684)"
"(37.8043514, -122.2711639)"
"(38.78492110000001, -76.8720961)"
"(43.3228611, -73.7242486)"
"(37.2739476, -79.9416549)"
"(38.6333229, -90.1944406)"
"(37.9832553, -121.8677352)"
"(25.7889362, -80.1909618)"
"(44.7540525, -93.4523589)"
"(34.0014847, -117.8306432)"
"(34.0014847, -117.8306432)"
"(39.5500507, -105.7820674)"
"(33.4068674, -111.9284017)"
"(36.1639076, -86.7850211)"
"(40.7745656, -111.9480965)"
"(40.7745656, -111.9480965)"
"(41.139466, -74.02854339999999)"
"(48.7663044, -122.5026983)"
"(45.9045591, -122.7439912)"
"(42.4470849, -87.83041449999999)"
"(36.778261, -119.4179324)"
"(41.6032207, -73.087749)"
"(41.6032207, -73.087749)"
"(27.6648274, -81.5157535)"
"(30.5190775, -91.5208624)"
"(40.0233687, -92.4915779)"
"(37.9642529, -91.8318334)"
"(48.3694386, -97.8645372)"
"(40.8044924, -73.94406459999999)"
"(39.9224562, -82.88361970000001)"
"(45.5431809, -122.6662882)"
"(18.389396, -66.1653224)"
"(35.5174913, -86.5804473)"
"(35.5699659, -89.6464641)"
"(37.4315734, -78.6568942)"
"(47.5650067, -122.6269768)"
"(48.8464991, -122.5910056)"
"(59.1105585, -156.8605871)"
"(58.363595, -134.5751082)"
"(61.79732319999999, -148.4906308)"
"(63.588753, -154.4930619)"
"(33.3833876, -110.1006467)"
"(34.0489281, -111.0937311)"
"(36.0672173, -109.1880047)"
"(39.2501665, -122.0258075)"
"(33.5575038, -116.5318321)"
"(41.3724029, -123.9009415)"
"(39.1664053, -123.169591)"
"(41.8751789, -116.1262087)"
"(39.3611014, -95.8353837)"
"(39.9931077, -95.3688473)"
"(48.0747491, -93.23106039999999)"
"(44.6317207, -92.65123709999999)"
"(48.0511707, -95.00099279999999)"
"(35.3399846, -106.5225295)"
"(43.18750540000001, -100.6256931)"
"(47.7510741, -120.7401386)"
"(43.0032188, -108.8868816)"
"(43.0759678, -107.2902839)"
"(46.8796822, -110.3625658)"
"(48.3858116, -114.2413015)"
"(43.0759678, -107.2902839)"
"(38.749256, -108.068598)"
"(40.4771623, -107.1011931)"
"(43.0759678, -107.2902839)"
"(34.0489281, -111.0937311)"
"(34.0489281, -111.0937311)"
"(34.0489281, -111.0937311)"
"(34.9727305, -105.0323635)"
"(46.8425917, -114.0566587)"
"(38.1572599, -112.2631383)"
"(36.778261, -119.4179324)"
"(40.3683474, -120.2647256)"
"(36.778261, -119.4179324)"
"(36.778261, -119.4179324)"
"(37.874249, -120.475927)"
"(36.778261, -119.4179324)"
"(36.778261, -119.4179324)"
"(36.778261, -119.4179324)"
"(39.6709595, -120.2397597)"
"(36.1341739, -118.8596804)"
"(37.789812, -122.402616)"
"(37.9175935, -121.1710389)"
"(43.8041334, -120.5542012)"
"(48.5480491, -117.9138385)"
"(42.1830667, -122.668702)"
"(42.436298, -122.8507296)"
"(44.8742935511175, -123.1332615621662)"
"(43.8041334, -120.5542012)"
"(43.238647, -123.3517442)"
"(43.8041334, -120.5542012)"
"(43.565235, -119.080035)"
"(32.1574351, -82.90712300000001)"
"(33.644001, -93.0598883)"
"(61.1827388, -149.8066568)"
"(59.04479749999999, -158.4933366)"
"(59.32729190000001, -155.8917833)"
"(36.60378499999999, -121.895245)"
"(37.4315734, -78.6568942)"
"(7.425554, 150.550812)"
"(21.2985135, -157.8164323)"
"(29.5957696, -90.71953479999999)"
"(29.9407282, -90.12031669999999)"
"(29.9508941, -90.07583559999999)"
"(45.253783, -69.4454689)"
"(47.7395106, -92.3623921)"
"(43.7844397, -88.7878678)"
"(40.0583238, -74.4056612)"
"(41.4503878, -81.55226170000002)"
"(41.509417, -71.282978)"
"(47.7510741, -120.7401386)"
"(47.5480339, -121.9836029)"
"(18.336764, -64.89007470000001)"
"(60.89944999999999, -161.413426)"
"(61.1918567, -149.8752217)"
"(66.56444929999999, -152.6480277)"
"(41.47755739999999, -120.5245106)"
"(33.5399445, -116.7433595)"
"(32.9107089, -116.7437518)"
"(61.5277895, -165.5887686)"
""
"(45.00228, -101.2358057)"
"(59.3989983, -135.8904331)"
"(61.2041739, -149.8096818)"
"(35.0077519, -97.092877)"
"(43.8041334, -120.5542012)"
"(45.1440306, -123.6893088)"
"(44.849839, -121.4011698)"
"(41.7607141, -124.1565123)"
"(36.778261, -119.4179324)"
"(38.3478102, -122.7162686)"
""
"(39.1646129, -122.9105515)"
""
"(41.0998509, -123.6845028)"
"(33.1091684, -116.673794)"
"(71.3054868, -156.7432562)"
"(36.858658, -112.7361638)"
"(48.33417499999999, -117.2732405)"
"(64.50095619999999, -165.4114118)"
"(44.07925789999999, -99.60673539999999)"
"(36.778261, -119.4179324)"
"(43.7844397, -88.7878678)"
"(33.0941201, -116.7525915)"
""
"(47.364418, -94.6157455)"
"(32.3546679, -89.3985283)"
"(36.778261, -119.4179324)"
"(33.9371337, -116.8094329)"
"(47.2517189, -122.1152995)"
"(71.3044524, -156.7442608)"
""
""
"(68.348818, -166.741426)"
""
"(63.6935761, -170.483619)"
"(48.3220096, -121.5524969)"
"(61.06956349999999, -151.1413699)"
"(36.0672173, -109.1880047)"
""
""
""
"(64.50059089999999, -165.4086406)"
""
"(41.4925374, -99.9018131)"
"(55.5367434, -132.3964747)"
"(37.3617833, -118.4180217)"
"(36.3378321, -96.8039232)"
"(40.876823, -121.6724559)"
"(35.60892, -106.3503042)"
"(35.4314082, -106.4468039)"
"(39.8316641, -119.3568119)"
"(33.555539, -116.6782485)"
""
"(33.3833876, -110.1006467)"
""
"(45.4877164, -88.986327)"
"(37.1321392, -107.6347444)"
"(45.7502748, -101.2004153)"
"(47.7017631, -122.5348586)"
"(62.6831835, -164.6575546)"
""
"(37.4315734, -78.6568942)"
"(43.9695148, -99.9018131)"
"(35.0694767, -108.8484168)"
"(61.1827388, -149.8066568)"
"(61.1768896, -149.8749843)"
""
"(33.5399445, -116.7433595)"
""
""
"(58.30266, -134.423926)"
""
"(64.50095619999999, -165.4114118)"
"(35.4857886, -97.09108119999999)"
""
""
"(59.7492081, -161.905512)"
"(56.9506252, -158.6273599)"
"(64.3577218, -161.2007313)"
"(66.2568502, -166.0610999)"
""
""
"(36.778261, -119.4179324)"
""
""
"(44.9521836, -68.6464457)"
"(47.9050421, -124.6220444)"
""
"(33.2748698, -116.9600773)"
"(44.7540525, -93.4523589)"
"(45.4877164, -88.986327)"
"(37.1321392, -107.6347444)"
""
"(62.6831835, -164.6575546)"
""
"(34.5567949, -112.4660308)"
"(39.625796, -121.3277136)"
"(39.1040645, -122.2653887)"
"(58.30266, -134.423926)"
""
"(33.1091684, -116.673794)"
"(71.3054868, -156.7432562)"
"(35.4857886, -97.09108119999999)"
"(35.0967604, -98.61327589999999)"
""
"(33.9371337, -116.8094329)"
"(71.3044524, -156.7442608)"
""
"(66.8969151, -162.5930667)"
"(60.4789215, -164.7262813)"
"(68.348818, -166.741426)"
"(61.8411146, -165.5820047)"
"(39.1801231, -123.2200292)"
"(36.2359217, -119.7512903)"
"(62.6831835, -164.6575546)"
""
"(40.5729432, -105.0848391)"
"(40.6331249, -89.3985283)"
"(34.9727305, -105.0323635)"
"(31.9685988, -99.9018131)"
"(44.3148443, -85.60236429999999)"
"(38.0349684, -84.5048082)"
"(37.4315734, -78.6568942)"
"(33.9737055, -117.3280644)"
"(40.5729432, -105.0848391)"
"(39.6480359, -79.9697147)"
"(34.065993, -106.905611)"
"(40.6331249, -89.3985283)"
"(30.6066091, -96.3568404)"
"(35.1987162, -97.4448963)"
"(42.277145, -83.7382071)"
"(37.5562542, -122.2879356)"
"(39.5500507, -105.7820674)"
"(39.5500507, -105.7820674)"
"(31.9685988, -99.9018131)"
"(30.5022295, -97.8007296)"
"(40.0546903, -76.2847005)"
"(27.6648274, -81.5157535)"
"(34.065993, -106.905611)"
"(29.7900717, -95.73216529999999)"
"(31.9685988, -99.9018131)"
"(31.9685988, -99.9018131)"
"(39.5500507, -105.7820674)"
"(44.0858181, -121.2897316)"
"(43.0759678, -107.2902839)"
"(32.8412178, -96.78451749999999)"
"(42.3735601, -71.09351029999999)"
"(34.4411283, -118.5698568)"
"(29.795652, -95.567959)"
"(29.7900717, -95.73216529999999)"
"(38.2793388, -122.6702117)"
"(40.6331249, -89.3985283)"
"(35.1987162, -97.4448963)"
"(40.7982133, -77.8599084)"
"(40.7127753, -74.0059728)"
"(30.2894713, -97.7367917)"
"(40.6331249, -89.3985283)"
"(30.2894713, -97.7367917)"
"(40.5729432, -105.0848391)"
"(32.3182314, -86.902298)"
"(35.20105, -91.8318334)"
"(35.20105, -91.8318334)"
"(35.20105, -91.8318334)"
"(34.0489281, -111.0937311)"
"(34.0489281, -111.0937311)"
"(36.778261, -119.4179324)"
"(36.7067907, -119.7327664)"
"(36.778261, -119.4179324)"
"(36.778261, -119.4179324)"
"(36.778261, -119.4179324)"
""
""
"(39.5500507, -105.7820674)"
"(41.6032207, -73.087749)"
"(30.6563097, -84.2089118)"
"(28.091158, -82.4036589)"
"(27.6648274, -81.5157535)"
"(32.1574351, -82.90712300000001)"
"(19.7040567, -155.0729807)"
""
"(13.3823791, 144.6972774)"
"(41.8780025, -93.097702)"
"(26.3971679, -81.7881441)"
"(44.0682019, -114.7420408)"
"(44.0682019, -114.7420408)"
""
""
"(40.6331249, -89.3985283)"
""
"(37.5727091, -84.28849819999999)"
"(37.8393332, -84.2700179)"
"(42.4072107, -71.3824374)"
"(42.4072107, -71.3824374)"
"(45.253783, -69.4454689)"
"(45.253783, -69.4454689)"
"(42.2912848, -83.8536402)"
"(44.9567607, -93.0842097)"
"(44.977753, -93.2650108)"
"(46.003913, -94.3453208)"
"(39.124388, -94.6144946)"
"(35.1495343, -90.0489801)"
"(35.7595731, -79.01929969999999)"
"(32.3546679, -89.3985283)"
"(32.3546679, -89.3985283)"
"(46.8796822, -110.3625658)"
""
"(35.4403514, -78.3842227)"
"(35.7816352, -78.6392822)"
"(35.7595731, -79.01929969999999)"
"(41.4925374, -99.9018131)"
"(40.7310651, -96.6997037)"
"(41.4925374, -99.9018131)"
"(40.7310651, -96.6997037)"
""
"(43.1938516, -71.5723953)"
"(40.0583238, -74.4056612)"
"(36.0672173, -109.1880047)"
""
"(39.954806, -82.7591118)"
"(39.011902, -98.4842465)"
"(37.8393332, -84.2700179)"
"(35.0077519, -97.092877)"
"(43.8041334, -120.5542012)"
"(42.1830667, -122.668702)"
"(44.0499065, -121.3189638)"
"(43.565235, -119.080035)"
"(43.8041334, -120.5542012)"
"(40.28759660000001, -76.8806615)"
"(39.609894, -78.9382399)"
""
"(41.5800945, -71.4774291)"
"(45.5629345, -97.0704443)"
"(43.9695148, -99.9018131)"
"(43.9695148, -99.9018131)"
"(43.9695148, -99.9018131)"
"(43.9695148, -99.9018131)"
"(43.0759678, -107.2902839)"
"(35.84110544077986, -87.49506254222577)"
"(35.5174913, -86.5804473)"
"(35.1291644, -89.8034929)"
"(31.9685988, -99.9018131)"
"(31.9685988, -99.9018131)"
"(36.1407379, -95.9753513)"
"(40.7606608, -111.8939487)"
"(39.0457549, -76.64127119999999)"
"(48.8942245, -122.4429823)"
"(43.0319459, -87.9145455)"
"(46.729553, -94.6858998)"
"(39.6480359, -79.9697147)"
"(43.468164, -110.7922804)"
"(43.0759678, -107.2902839)"
